"","logFC","logCPM","LR","PValue","FDR","gene_name","gene_type"
"ENSG00000007372",7.36637263248613,1.70589557838794,11.4828837900714,0.000702400582983999,0.00916847416320328,"PAX6","protein_coding"
"ENSG00000007968",6.88170866964161,4.09923568008447,32.7785873122492,1.03276234750924e-08,5.6313015022964e-07,"E2F2","protein_coding"
"ENSG00000011426",6.19447162487092,6.30314251732049,39.904954916953,2.66625975440638e-10,2.12975288901972e-08,"ANLN","protein_coding"
"ENSG00000024526",6.14498167621908,7.21585064001666,52.1625020770662,5.10925241877282e-13,8.26972840181687e-11,"DEPDC1","protein_coding"
"ENSG00000035499",5.46068115467191,3.77997554857035,45.9491824161773,1.21360564126766e-11,1.34736513667524e-09,"DEPDC1B","protein_coding"
"ENSG00000043355",10.0819597478553,2.74480532293406,27.8454299195568,1.31404085607389e-07,5.4905840281033e-06,"ZIC2","protein_coding"
"ENSG00000051341",6.73484017720574,7.13025599337431,63.071241782819,1.99363736561427e-15,7.01379215098751e-13,"POLQ","protein_coding"
"ENSG00000065328",6.36302608785235,4.09945021056527,64.5431025486728,9.44435704889823e-16,3.77197808213983e-13,"MCM10","protein_coding"
"ENSG00000066279",7.02015600416306,8.5637225696888,48.486511269501,3.32568511510209e-12,4.27928009810604e-10,"ASPM","protein_coding"
"ENSG00000069011",8.57432082002796,6.4555027777039,32.1793439647889,1.40577383752333e-08,7.36486589869759e-07,"PITX1","protein_coding"
"ENSG00000069812",6.57887728413907,4.78738526322332,11.3455734844098,0.000756280120457648,0.00970696266462189,"HES2","protein_coding"
"ENSG00000072571",5.93076226077083,7.12014432094529,49.7282129526175,1.76588266260825e-12,2.42438346085676e-10,"HMMR","protein_coding"
"ENSG00000073282",7.34801909094089,7.76733334756817,11.7213473710704,0.000617872029563435,0.00826507982825764,"TP63","protein_coding"
"ENSG00000075218",5.87645264059525,4.37009976661533,48.4377279132027,3.40945274040142e-12,4.35065975624751e-10,"GTSE1","protein_coding"
"ENSG00000077935",6.53534982251278,4.17501275847307,21.0858695212179,4.39154589878824e-06,0.000122441714438291,"SMC1B","protein_coding"
"ENSG00000078081",5.45485797213294,6.16478191242663,15.5675515596673,7.96091513417443e-05,0.00148018151826642,"LAMP3","protein_coding"
"ENSG00000078900",6.06672263104331,3.14686126901073,28.4978406868779,9.38030442268035e-08,4.08116354246824e-06,"TP73","protein_coding"
"ENSG00000081277",7.97889990012638,8.43606449200848,11.585061644682,0.000664837302125734,0.00878253503104497,"PKP1","protein_coding"
"ENSG00000085552",5.69719861588149,5.72020266984612,25.0735414857232,5.51848853205453e-07,1.95744034401699e-05,"IGSF9","protein_coding"
"ENSG00000085840",5.28516103772468,4.38683041947174,53.1790200216305,3.04493607320879e-13,5.41849886630357e-11,"ORC1","protein_coding"
"ENSG00000085999",5.06357001970393,3.27698558541603,35.5852553980057,2.44128411738885e-09,1.62856421826593e-07,"RAD54L","protein_coding"
"ENSG00000086570",7.07419097534917,7.64064858560327,12.2889713336508,0.000455642803086888,0.00644470736892647,"FAT2","protein_coding"
"ENSG00000088002",5.14286062190596,3.26357601398524,11.477594753002,0.000704402329471097,0.00918291006283368,"SULT2B1","protein_coding"
"ENSG00000088325",6.08947099746628,7.78739889605589,61.5609585678795,4.29245970817424e-15,1.36088673613899e-12,"TPX2","protein_coding"
"ENSG00000088726",7.03380317137697,4.1591405871452,17.8676036846989,2.36818373278921e-05,0.000527362449923727,"TMEM40","protein_coding"
"ENSG00000089685",5.38724540870883,6.79331187596876,33.890444716116,5.83043477152557e-09,3.51420355586384e-07,"BIRC5","protein_coding"
"ENSG00000090889",5.79763744935472,6.00551239030782,57.7461852498816,2.98217842078305e-14,7.27864547415406e-12,"KIF4A","protein_coding"
"ENSG00000090932",9.61097578274422,0.423110499388867,17.4118532665424,3.00943403595709e-05,0.000646292771702432,"DLL3","protein_coding"
"ENSG00000092853",6.16059925026301,5.03858245190137,57.9880665173086,2.63712713826617e-14,6.48796567064796e-12,"CLSPN","protein_coding"
"ENSG00000093009",5.79504267816427,4.70172369071883,52.1705889497694,5.08825463241293e-13,8.26972840181687e-11,"CDC45","protein_coding"
"ENSG00000094804",5.6254797377708,5.45826187692618,67.8645404855284,1.75122379404186e-16,7.91990960855431e-14,"CDC6","protein_coding"
"ENSG00000096696",5.41302368847343,10.3930241342991,23.3295969625001,1.3648358674801e-06,4.36761679839913e-05,"DSP","protein_coding"
"ENSG00000100167",5.5154633427898,3.31559686738877,15.9835099695882,6.38966235181643e-05,0.00122890110259794,"SEPTIN3","protein_coding"
"ENSG00000100558",6.20089869876383,5.40506845701127,24.5223469364894,7.3452967560676e-07,2.52390962166868e-05,"PLEK2","protein_coding"
"ENSG00000101057",6.9719156817532,5.91744531635738,61.6367722894883,4.13032547627888e-15,1.34186192287068e-12,"MYBL2","protein_coding"
"ENSG00000101115",5.16540165059263,2.51762967887094,12.0569029124522,0.000516009481327439,0.00713847934289821,"SALL4","protein_coding"
"ENSG00000101447",6.4527082548807,5.9863742464767,38.8292750260128,4.62538739650365e-10,3.58298585905987e-08,"FAM83D","protein_coding"
"ENSG00000101670",5.07526794474624,3.86944400469657,11.8669841300581,0.000571378641717631,0.00775103986270062,"LIPG","protein_coding"
"ENSG00000104147",5.24454831189281,2.0018053997196,38.4045011462973,5.74996225433951e-10,4.38780618381397e-08,"OIP5","protein_coding"
"ENSG00000104267",5.75216068382663,4.97953628307478,16.3662895158581,5.22055257054544e-05,0.00103113457419386,"CA2","protein_coding"
"ENSG00000104892",8.08044429311421,2.41497711255031,20.0079831436608,7.71195271249091e-06,0.000198465005662956,"KLC3","protein_coding"
"ENSG00000105011",5.39926473664851,5.11136801214234,51.348022582981,7.7359887184559e-13,1.20153970231654e-10,"ASF1B","protein_coding"
"ENSG00000105048",5.91497951271895,4.35228671264394,13.3664908986365,0.000256160195626821,0.00400119707388794,"TNNT1","protein_coding"
"ENSG00000105464",5.34602060665849,2.61346524789288,15.7462407543226,7.24317311143398e-05,0.00136739903435193,"GRIN2D","protein_coding"
"ENSG00000105467",6.30477919230196,-2.64243261302766,11.3130303905572,0.000769650582641161,0.00985389857117553,"SYNGR4","protein_coding"
"ENSG00000106327",6.12565578384045,3.05061403073749,21.8080014495091,3.01340825197822e-06,8.78401364673802e-05,"TFR2","protein_coding"
"ENSG00000106462",5.14526823578303,5.80767409965744,33.0736292502946,8.87340792862917e-09,4.98873700236075e-07,"EZH2","protein_coding"
"ENSG00000106689",8.1165348826748,0.796618210364316,27.456959679204,1.60629772090321e-07,6.56022228564893e-06,"LHX2","protein_coding"
"ENSG00000107593",8.50533697393498,-0.648992133720314,22.8615283162251,1.74101928586495e-06,5.45155841762981e-05,"PKD2L1","protein_coding"
"ENSG00000108813",7.0189836881467,0.992095511559478,16.6354898613751,4.52954873336018e-05,0.000911630969875822,"DLX4","protein_coding"
"ENSG00000109101",9.32696980754934,2.77824851936795,17.3479320149538,3.11236756221044e-05,0.000664684997504568,"FOXN1","protein_coding"
"ENSG00000109255",7.61652641796084,4.16547246202089,18.3467184253953,1.84135867364918e-05,0.000425769197674685,"NMU","protein_coding"
"ENSG00000109674",6.85838691054514,2.43913735160329,28.4440351220446,9.64464560345466e-08,4.18929076614465e-06,"NEIL3","protein_coding"
"ENSG00000109805",5.94626882074742,4.5630020770369,44.8954460114454,2.07840684688556e-11,2.18470966094e-09,"NCAPG","protein_coding"
"ENSG00000111206",6.18885742168545,6.0059740409881,58.3777041979979,2.16328775446385e-14,5.4530810092645e-12,"FOXM1","protein_coding"
"ENSG00000111536",8.59920868419589,-0.559026808643511,12.0147532751525,0.000527810747220734,0.00727229565827922,"IL26","protein_coding"
"ENSG00000111665",5.08021097660564,4.3315392163963,48.8336595446254,2.78617015925017e-12,3.66167055159917e-10,"CDCA3","protein_coding"
"ENSG00000112238",8.58789939503074,-0.569878245890394,11.3478711459226,0.000755345034605471,0.00969900870531192,"PRDM13","protein_coding"
"ENSG00000112742",5.59303115504774,4.80970180710059,51.2477076291046,8.14157529571265e-13,1.25818022647764e-10,"TTK","protein_coding"
"ENSG00000112984",6.45753694487977,6.32479067048736,45.3165370134205,1.67627737883178e-11,1.8087915168847e-09,"KIF20A","protein_coding"
"ENSG00000113430",11.7599799051129,2.5491195085541,12.3030101302336,0.00045222836866771,0.00641188521052931,"IRX4","protein_coding"
"ENSG00000115163",5.86470239016537,4.77121492041409,45.9054502922297,1.24100207996241e-11,1.3642271528114e-09,"CENPA","protein_coding"
"ENSG00000115297",8.91571712714559,-0.254025455557117,20.0836447284773,7.41278884565762e-06,0.000192701179518604,"TLX2","protein_coding"
"ENSG00000115507",8.78784472213435,2.24180145531301,53.9748613770112,2.03071193857376e-13,3.76207736427463e-11,"OTX1","protein_coding"
"ENSG00000117399",6.13475116172831,5.77231928527465,51.1241084465778,8.67068245726724e-13,1.32661441596189e-10,"CDC20","protein_coding"
"ENSG00000117650",6.4708587760949,4.90693344490156,52.344117150889,4.65791834370444e-13,7.78505232738819e-11,"NEK2","protein_coding"
"ENSG00000117724",5.6027396066961,6.79268242694223,44.4187843560399,2.65130907225168e-11,2.68209565457092e-09,"CENPF","protein_coding"
"ENSG00000118193",6.56732932006997,7.01125928847413,45.0508051057076,1.9198831172771e-11,2.02992998672436e-09,"KIF14","protein_coding"
"ENSG00000118194",9.11000114216805,-0.0656873654153101,15.417966198415,8.61651746195129e-05,0.00158199260601426,"TNNT2","protein_coding"
"ENSG00000120471",11.1536699100649,1.94632987027912,12.1346844608273,0.000494926418921066,0.00689645317674651,"TP53AIP1","protein_coding"
"ENSG00000121152",5.61126764609797,5.39228782908003,51.4901201995907,7.19583140846516e-13,1.12904797604352e-10,"NCAPH","protein_coding"
"ENSG00000121270",5.76409258378269,-1.46418566104009,18.0738762285716,2.12497028454432e-05,0.000480155849820657,"ABCC11","protein_coding"
"ENSG00000121552",7.31384958484499,10.5002844555367,12.4932483753328,0.000408425397484303,0.00589685739381913,"CSTA","protein_coding"
"ENSG00000121621",5.48985902549489,6.51488611209158,48.3473019192864,3.57035114230671e-12,4.53714911898174e-10,"KIF18A","protein_coding"
"ENSG00000123219",5.22600791012214,6.8726909698871,44.8858738494171,2.08859181320964e-11,2.18470966094e-09,"CENPK","protein_coding"
"ENSG00000123364",8.0298709398365,1.4897372954897,35.0926178401098,3.14390383375431e-09,2.01846502295295e-07,"HOXC13","protein_coding"
"ENSG00000123473",5.08319550070381,4.8119769625851,58.6267651395213,1.90605809647108e-14,4.96754276616738e-12,"STIL","protein_coding"
"ENSG00000123485",6.41612604461067,5.09787656657587,51.9005253390738,5.83847924327452e-13,9.25519341074337e-11,"HJURP","protein_coding"
"ENSG00000124134",6.65324220235777,4.2590335700542,16.1256248994594,5.927654611073e-05,0.0011522955894711,"KCNS1","protein_coding"
"ENSG00000124466",5.78017343417004,7.64947884359354,13.3815195642896,0.000254115763959502,0.00397710228078139,"LYPD3","protein_coding"
"ENSG00000124575",5.98435083172502,-1.25964512940968,12.644835030978,0.000376604700516236,0.00552170678468875,"H1-3","protein_coding"
"ENSG00000124657",9.20186466029301,0.0236241027041162,18.6334512744281,1.58416368187666e-05,0.000374752197759637,"OR2B6","protein_coding"
"ENSG00000125144",5.07204472733109,2.93274128743591,12.6302474911512,0.000379554922828113,0.0055530221416427,"MT1G","protein_coding"
"ENSG00000125998",12.9480282421057,3.73337677249344,13.4519096886783,0.000244756918563393,0.00385407553332311,"FAM83C","protein_coding"
"ENSG00000126787",6.69252352530202,5.32460835791192,60.2057572327552,8.54419206842378e-15,2.41063796954345e-12,"DLGAP5","protein_coding"
"ENSG00000127561",5.40547402542853,2.3345749770619,17.1318494686836,3.4872590948374e-05,0.000730542772094921,"SYNGR3","protein_coding"
"ENSG00000127564",6.14355120591447,3.88058351919142,40.0412860751832,2.48651477063658e-10,1.99134866514028e-08,"PKMYT1","protein_coding"
"ENSG00000129173",6.54401128392903,4.42751914714067,33.8874907863418,5.83929378287133e-09,3.51420355586384e-07,"E2F8","protein_coding"
"ENSG00000129195",5.37467140113549,3.56409145983806,39.6194323588055,3.08597299038724e-10,2.44595173642729e-08,"PIMREG","protein_coding"
"ENSG00000129514",9.26294688789313,6.4778175464918,16.9555129260386,3.82660370522773e-05,0.000787154138775039,"FOXA1","protein_coding"
"ENSG00000129810",6.37692257493807,2.61561119577798,49.2839656023907,2.21465335631336e-12,2.98715941520636e-10,"SGO1","protein_coding"
"ENSG00000130208",5.16378269700954,3.65991083783929,11.2862322010651,0.000780839898245098,0.00995983798868997,"APOC1","protein_coding"
"ENSG00000130675",8.61295080294571,1.28631262764954,29.7120315898199,5.01227650757272e-08,2.33903701725924e-06,"MNX1","protein_coding"
"ENSG00000130701",5.41001905134268,1.96899923430783,18.4100823506699,1.78113050631268e-05,0.000415277531922926,"RBBP8NL","protein_coding"
"ENSG00000130829",8.40682385193164,1.86336621896811,18.3193432757993,1.8680079950819e-05,0.000429669782144754,"DUSP9","protein_coding"
"ENSG00000131015",6.12162569529216,4.53917669667931,20.4871152350848,6.00340233292887e-06,0.000160821107965646,"ULBP2","protein_coding"
"ENSG00000131187",6.12534137014417,4.16898533600719,19.7946303473374,8.62245682932881e-06,0.000219327059447766,"F12","protein_coding"
"ENSG00000131650",7.85221287188464,1.31397157131274,26.4412122892481,2.71681637714021e-07,1.04699566473926e-05,"KREMEN2","protein_coding"
"ENSG00000131747",5.78536541640076,7.54043738576291,50.512886206644,1.18384913946887e-12,1.75033233586952e-10,"TOP2A","protein_coding"
"ENSG00000131885",8.58790513303852,-0.569872791550002,12.5455768546252,0.000397145246851269,0.00577466088719484,"KRT17P1","transcribed_unprocessed_pseudogene"
"ENSG00000132746",5.13023753536622,5.14829655157577,13.8089271158335,0.000202372377096731,0.00327728157601673,"ALDH3B2","protein_coding"
"ENSG00000133477",5.71384069886845,4.73992992463286,23.7108167183221,1.11951552311984e-06,3.65870997688677e-05,"FAM83F","protein_coding"
"ENSG00000134317",5.82396313093005,5.80797641745839,18.7975584340615,1.45353081203788e-05,0.000346246576782345,"GRHL1","protein_coding"
"ENSG00000134690",5.39286930189059,5.57903854920618,60.5463974308685,7.18644922076841e-15,2.12504685467588e-12,"CDCA8","protein_coding"
"ENSG00000134755",5.95421795473853,7.47427550860631,18.4850428689515,1.71242932152153e-05,0.000401695949082774,"DSC2","protein_coding"
"ENSG00000134760",15.2267100208532,6.00969926922205,12.4592262500347,0.000415932206361296,0.00598557002444031,"DSG1","protein_coding"
"ENSG00000135451",6.46568351284376,4.13835056914962,60.0418665441511,9.2860946348617e-15,2.59613880278093e-12,"TROAP","protein_coding"
"ENSG00000135476",5.73086359397164,4.18768688388245,47.426418406662,5.71078269784183e-12,6.94164823346758e-10,"ESPL1","protein_coding"
"ENSG00000136231",8.53405495976743,3.61765252222979,15.3058500630332,9.14329182068932e-05,0.00166577993697665,"IGF2BP3","protein_coding"
"ENSG00000136492",5.92276465115464,7.27561606187443,46.9087696441631,7.43691868797234e-12,8.86463412446564e-10,"BRIP1","protein_coding"
"ENSG00000136943",5.40103976014558,6.64704712102899,21.0888109635005,4.38480990334603e-06,0.000122364844789111,"CTSV","protein_coding"
"ENSG00000137203",6.61726208594014,6.07738859164909,46.25819575671,1.03652062607476e-11,1.18059699309915e-09,"TFAP2A","protein_coding"
"ENSG00000137699",5.24308745640441,9.13601821981045,17.0667394222104,3.60888497123759e-05,0.000750906897973407,"TRIM29","protein_coding"
"ENSG00000137812",6.21049212255669,7.63219483696346,54.5537223705663,1.51255875771647e-13,3.00101415974545e-11,"KNL1","protein_coding"
"ENSG00000137975",8.58732279021855,7.50466625727719,11.7349683676078,0.000613366270917606,0.00821195164541973,"CLCA2","protein_coding"
"ENSG00000138160",5.08599337429396,6.00301326899476,54.4709888239212,1.57759699316687e-13,3.10998976479877e-11,"KIF11","protein_coding"
"ENSG00000138180",5.94377777079976,5.73910298471481,42.9228504883577,5.69416612499296e-11,5.15037326005613e-09,"CEP55","protein_coding"
"ENSG00000138684",9.12516102615889,-0.0509595682301497,13.1636715531576,0.000285429068663605,0.00438013979471649,"IL21","protein_coding"
"ENSG00000139734",5.21418401812389,6.78662413329145,23.8294135859251,1.05261615154034e-06,3.47702518886358e-05,"DIAPH3","protein_coding"
"ENSG00000139800",8.22898785211894,1.68699145107773,23.018478347403,1.60451757778912e-06,5.04021747392736e-05,"ZIC5","protein_coding"
"ENSG00000139865",8.9624436398885,1.63226950500006,13.42374050548,0.000248459779203849,0.00389840999482447,"TTC6","protein_coding"
"ENSG00000140254",5.21026802392563,5.02952674554787,15.6463176751655,7.63611222903169e-05,0.00142929616177366,"DUOXA1","protein_coding"
"ENSG00000140284",5.65972908459033,3.82514464049838,12.8748808965335,0.000333021919448715,0.00498270127259131,"SLC27A2","protein_coding"
"ENSG00000141527",5.00505893377584,2.3584735599136,19.731965817523,8.9098498312022e-06,0.000225518199060873,"CARD14","protein_coding"
"ENSG00000142700",9.24215429759302,1.90970368343702,18.5230179761863,1.67864742390845e-05,0.000394674650057008,"DMRTA2","protein_coding"
"ENSG00000142945",5.33374693675429,6.1470422214206,59.3750011363808,1.30314037280189e-14,3.50217721465551e-12,"KIF2C","protein_coding"
"ENSG00000143228",6.54695986665384,7.75810044254524,49.9262337542763,1.59635984085983e-12,2.25196578834689e-10,"NUF2","protein_coding"
"ENSG00000143452",11.2481298590851,2.04014024220062,11.6771309618408,0.000632730283329386,0.00843814154519887,"HORMAD1","protein_coding"
"ENSG00000144045",6.9864320826878,3.60587030054078,32.4343267116827,1.2328930904722e-08,6.59394108022462e-07,"DQX1","protein_coding"
"ENSG00000144452",7.69237605622867,3.63500895708363,17.2991118301698,3.19336075800547e-05,0.000677746193174205,"ABCA12","protein_coding"
"ENSG00000145681",10.2870747029766,4.615488812908,26.1420251571016,3.17204469612551e-07,1.20431963629565e-05,"HAPLN1","protein_coding"
"ENSG00000146410",5.02144932482522,2.79420970007245,35.6711354472135,2.3359967132701e-09,1.56853508565929e-07,"MTFR2","protein_coding"
"ENSG00000146955",5.21105844065033,0.940069624972554,15.6236419060766,7.72822786566025e-05,0.00144302484245689,"RAB19","protein_coding"
"ENSG00000147614",7.6863101816662,-1.42145355841823,11.8959056262926,0.000562574688588126,0.00765863629842879,"ATP6V0D2","protein_coding"
"ENSG00000147689",7.47644254390993,6.38063630072938,15.1633528572349,9.85985467844601e-05,0.00177102548755532,"FAM83A","protein_coding"
"ENSG00000147697",8.01523541007707,4.69845226710964,20.0944572737041,7.3709984118424e-06,0.000191939300727679,"GSDMC","protein_coding"
"ENSG00000147889",7.34833680850289,7.05754612585398,37.4640457801234,9.31137194446424e-10,6.88347647615646e-08,"CDKN2A","protein_coding"
"ENSG00000148773",5.51356126980327,7.358324021744,46.7914259814426,7.8958101853584e-12,9.33922502424334e-10,"MKI67","protein_coding"
"ENSG00000151725",5.63152488549308,5.9528395882146,40.4089997985495,2.05990052732384e-10,1.69380002451311e-08,"CENPU","protein_coding"
"ENSG00000154839",6.02799783200594,3.99456379556833,51.934627284857,5.73795309630251e-13,9.14296743889073e-11,"SKA1","protein_coding"
"ENSG00000155761",5.18084540720809,4.76988316838295,11.4940141050997,0.000698206833326261,0.00912535263292925,"SPAG17","protein_coding"
"ENSG00000155918",8.62920836366166,2.96127347081653,13.4449429176776,0.000245667497199083,0.00385853551652881,"RAET1L","protein_coding"
"ENSG00000156970",6.3882017171779,4.59708514810992,57.4701455011906,3.4314846418286e-14,8.24440993673085e-12,"BUB1B","protein_coding"
"ENSG00000157111",5.12470049690567,1.94306679756195,15.393566487908,8.72849644186421e-05,0.00159968683597527,"TMEM171","protein_coding"
"ENSG00000157456",5.49378864848907,6.23107180797682,52.6229424115927,4.04140510660624e-13,6.92580668420095e-11,"CCNB2","protein_coding"
"ENSG00000158055",7.26804751150653,5.09310256709012,17.2094962850887,3.34758799571793e-05,0.000705125846796669,"GRHL3","protein_coding"
"ENSG00000158402",5.17009783004236,3.8552923407577,29.6370587362734,5.20992963531177e-08,2.42025628511696e-06,"CDC25C","protein_coding"
"ENSG00000159217",12.7146218850223,3.50049172615104,13.6360746290568,0.000221880831751013,0.00353732567073038,"IGF2BP1","protein_coding"
"ENSG00000159263",6.9273601210953,1.27140649112633,22.5122740693487,2.0880514192868e-06,6.4085673949428e-05,"SIM2","protein_coding"
"ENSG00000159556",8.85234305118582,-0.315286189753123,20.1142658018364,7.29505109146019e-06,0.000190445421235718,"ISL2","protein_coding"
"ENSG00000160886",5.6818378018153,4.61616511611073,22.2075933491417,2.44704097544826e-06,7.35619268015253e-05,"LY6K","protein_coding"
"ENSG00000162398",6.61271585844406,-2.38268573975703,12.9152112957978,0.000325922610302004,0.00488455069913136,"LEXM","protein_coding"
"ENSG00000163032",6.56593058014199,5.38575986299906,11.9076021395565,0.000559053180268817,0.00761406663100395,"VSNL1","protein_coding"
"ENSG00000163141",5.99611902218804,4.47095497747104,12.9450149061694,0.000320774544278387,0.00481678689462561,"BNIPL","protein_coding"
"ENSG00000163362",5.3403057194872,4.28914673303216,22.1707781164178,2.49441640862627e-06,7.4766849721719e-05,"INAVA","protein_coding"
"ENSG00000163888",5.05533559741515,1.47020951555615,14.5246572154018,0.000138337004618448,0.00235287033969711,"CAMK2N2","protein_coding"
"ENSG00000164362",8.56913460814047,-0.587875801307554,17.3284669317492,3.14440989177152e-05,0.000669246631861656,"TERT","protein_coding"
"ENSG00000164611",5.29329797877794,6.78264566591229,29.1238375801661,6.78964283156513e-08,3.06161123165869e-06,"PTTG1","protein_coding"
"ENSG00000165181",5.77723008053681,4.80316558363203,16.1731625720863,5.78073316850621e-05,0.00112658356863797,"SHOC1","protein_coding"
"ENSG00000165304",5.70929528542641,5.23531025192626,43.3144184300037,4.66135984940771e-11,4.35716715649955e-09,"MELK","protein_coding"
"ENSG00000165480",5.74450524756217,3.93253774784011,55.3139671334357,1.0273598687057e-13,2.1639998659114e-11,"SKA3","protein_coding"
"ENSG00000165891",8.04124448713742,4.5169657044027,53.9760719634228,2.02946114973271e-13,3.76207736427463e-11,"E2F7","protein_coding"
"ENSG00000165935",5.25450082251236,-0.076693360406164,15.1496715413619,9.93155885654664e-05,0.00177779528239452,"SMCO2","protein_coding"
"ENSG00000166796",9.76447305513001,0.573631887919286,20.3638694050249,6.40273300301458e-06,0.000170184311185572,"LDHC","protein_coding"
"ENSG00000166803",5.64907287532877,4.63668443290817,35.4555823852746,2.60933476816135e-09,1.7219929640615e-07,"PCLAF","protein_coding"
"ENSG00000167513",5.39521060634181,4.82922522175483,43.2933031376551,4.71193440523616e-11,4.3910945080069e-09,"CDT1","protein_coding"
"ENSG00000167767",6.20817057772172,5.54116995960928,21.6497838704711,3.27246880928563e-06,9.44959937013719e-05,"KRT80","protein_coding"
"ENSG00000168070",8.20452729920349,0.883246306230336,15.8362836251357,6.90653465603493e-05,0.00131104599148727,"MAJIN","protein_coding"
"ENSG00000168143",6.97669481628205,7.04802611294503,18.1478933464932,2.0439541557697e-05,0.000466303576798112,"FAM83B","protein_coding"
"ENSG00000168907",5.81622532508895,2.05861701368351,11.439263003194,0.000719083068433052,0.00935750452298553,"PLA2G4F","protein_coding"
"ENSG00000169607",6.3385927734278,4.19425639050943,59.3070286257135,1.34893872573368e-14,3.57619936486965e-12,"CKAP2L","protein_coding"
"ENSG00000169679",5.56744207411929,5.13805466615244,56.617798741514,5.29305686680422e-14,1.18815604251701e-11,"BUB1","protein_coding"
"ENSG00000169856",7.14946680116859,-1.91138240191532,16.3715877921874,5.20597904293285e-05,0.0010289169248542,"ONECUT1","protein_coding"
"ENSG00000170312",5.01947592038142,9.24757513864396,49.7689841291722,1.72956567634342e-12,2.3851718943762e-10,"CDK1","protein_coding"
"ENSG00000170423",8.93253626474925,2.89040237333942,13.4451690510873,0.000245637887316969,0.00385853551652881,"KRT78","protein_coding"
"ENSG00000170442",5.28199929745266,0.879000617579635,12.9520280950624,0.000319575100064873,0.00480525389752752,"KRT86","protein_coding"
"ENSG00000170965",7.50249476369205,0.968720655331324,12.814885522322,0.000343872448598256,0.00510412331929685,"PLAC1","protein_coding"
"ENSG00000171017",6.13113268654535,-1.1221602179034,18.2017104178856,1.98700308899454e-05,0.000455337600565193,"LRRC8E","protein_coding"
"ENSG00000171208",5.17616223285454,5.75855847853834,44.2820972772451,2.84304396625509e-11,2.83870555500788e-09,"NETO2","protein_coding"
"ENSG00000171241",5.1201309339609,4.49634433266456,50.9346708865908,9.54918633078553e-13,1.44456945284791e-10,"SHCBP1","protein_coding"
"ENSG00000171320",6.0663047857733,3.67370627008219,49.9566033397404,1.5718420356312e-12,2.22759714846849e-10,"ESCO2","protein_coding"
"ENSG00000171848",5.97190775361111,8.01586504417376,46.1158093601329,1.11465359299551e-11,1.25563889909857e-09,"RRM2","protein_coding"
"ENSG00000172818",6.25793170714872,3.18232454685824,16.3050078641447,5.39212620595174e-05,0.0010622937681719,"OVOL1","protein_coding"
"ENSG00000173212",9.1473365120098,-0.029408277924089,14.8939000009346,0.000113730149065693,0.00199745475397902,"MAB21L3","protein_coding"
"ENSG00000174371",6.01358602224074,4.24556861614902,55.2964346819225,1.03656435128344e-13,2.168534931634e-11,"EXO1","protein_coding"
"ENSG00000174788",6.3617224660338,-0.904497094969003,18.3599410580243,1.82862374451697e-05,0.00042378045226172,"PCP2","protein_coding"
"ENSG00000175063",5.84199588743937,6.12084948766698,53.4076164571689,2.71043954188482e-13,4.93219806104046e-11,"UBE2C","protein_coding"
"ENSG00000175793",7.42599821861432,9.32872354314851,31.4298418286504,2.06778262885445e-08,1.05282316531723e-06,"SFN","protein_coding"
"ENSG00000176092",7.16456911238562,4.54937035739595,25.627394296208,4.14118410877362e-07,1.51792413464976e-05,"CRYBG2","protein_coding"
"ENSG00000176842",5.44453002483795,2.13742382392841,14.4421309524321,0.000144532463964628,0.00243952078172569,"IRX5","protein_coding"
"ENSG00000176884",8.12216164829508,-1.01345086905274,16.4451824899542,5.00772782186329e-05,0.000994725145212964,"GRIN1","protein_coding"
"ENSG00000178372",10.1398195547458,5.96733820687536,13.0446956222882,0.000304144584806746,0.00461894242793179,"CALML5","protein_coding"
"ENSG00000178773",5.09709514884436,2.18313800625682,13.7688057259856,0.000206740711801019,0.00332874194241714,"CPNE7","protein_coding"
"ENSG00000178919",8.66077806889309,3.53431830155647,14.5945893962338,0.000133296714741628,0.00228244647463769,"FOXE1","protein_coding"
"ENSG00000178934",9.2313978328468,4.49685456997625,12.3837920149685,0.000433076726178878,0.00619042809528595,"LGALS7B","protein_coding"
"ENSG00000178997",6.73782007902214,-2.27479072951607,11.4046790121328,0.000732593575267447,0.00949808188035405,"EXD1","protein_coding"
"ENSG00000178999",5.78462743392226,4.54619709744339,41.6446337835423,1.09465435876799e-10,9.42966540481571e-09,"AURKB","protein_coding"
"ENSG00000179066",7.12507832851871,1.09672531964962,12.5345021587075,0.000399506040877538,0.00579528739391836,"AC020907.1","lncRNA"
"ENSG00000179846",5.12782354101573,0.42427712313142,16.3003938813408,5.40527148627964e-05,0.00106420175427374,"NKPD1","protein_coding"
"ENSG00000179934",8.23101615018756,-0.910402023524232,18.3295443730885,1.85803238048043e-05,0.000427695133210439,"CCR8","protein_coding"
"ENSG00000180071",5.74696026145198,1.19268106117219,18.6782425663704,1.54738123543774e-05,0.000366332680010907,"ANKRD18A","protein_coding"
"ENSG00000180739",5.29740771508199,3.44101864901923,14.3267254640396,0.000153667722221133,0.00257253318533832,"S1PR5","protein_coding"
"ENSG00000181418",8.18246432226403,-0.956415584468237,14.998325008215,0.00010760664575779,0.0019051394225615,"DDN","protein_coding"
"ENSG00000181449",8.41679696954694,7.04741242833681,12.0233805876233,0.000525373254127893,0.00724845387357339,"SOX2","protein_coding"
"ENSG00000182010",5.11776752684393,7.09754475151453,24.4344801938554,7.68803371973757e-07,2.62992325898876e-05,"RTKN2","protein_coding"
"ENSG00000182379",7.64264007598602,3.78602435850231,25.7223637781684,3.94232066671001e-07,1.45369529332534e-05,"NXPH4","protein_coding"
"ENSG00000183856",6.00927235649856,6.26092237469018,34.9447555123621,3.39193786795226e-09,2.14634290644313e-07,"IQGAP3","protein_coding"
"ENSG00000184661",6.23894119430516,4.09486025001494,63.3477719076611,1.73251240595559e-15,6.26822988474734e-13,"CDCA2","protein_coding"
"ENSG00000185130",6.15522951115267,-2.76529803421623,14.781747831579,0.000120698106007204,0.00209589432752091,"H2BC13","protein_coding"
"ENSG00000185306",6.21551125576504,2.83787406974589,12.7123406579513,0.000363250481905944,0.00534499620576722,"C12orf56","protein_coding"
"ENSG00000186081",7.30331666656904,12.2218210711332,11.3065792724285,0.000772329287195965,0.00987339664614177,"KRT5","protein_coding"
"ENSG00000186185",6.73402289625626,5.15040773888341,55.3886198842011,9.89074091099556e-14,2.11229135580449e-11,"KIF18B","protein_coding"
"ENSG00000186193",6.19774670594078,3.32551130930143,36.4468213780492,1.56888774547594e-09,1.09405906659006e-07,"SAPCD2","protein_coding"
"ENSG00000186790",8.09275461504761,-1.04121711611672,17.7622314484925,2.50303048764205e-05,0.000551797108146638,"FOXE3","protein_coding"
"ENSG00000186871",5.26347507332307,3.58357946103737,44.2002344264628,2.96445783033514e-11,2.94083779536441e-09,"ERCC6L","protein_coding"
"ENSG00000187951",5.34355415999732,3.66331940267107,36.5954739647439,1.45368852600936e-09,1.02770766069807e-07,"AC091057.1","lncRNA"
"ENSG00000188089",9.95850186384412,4.28734615819059,12.8290956143596,0.000341270669458484,0.00507745374835837,"PLA2G4E","protein_coding"
"ENSG00000188095",6.35006427579742,0.335303048048091,15.8263089934681,6.943037516025e-05,0.00131558368903461,"MESP2","protein_coding"
"ENSG00000188676",7.4137370276154,-1.67219436670261,13.0042432932615,0.00031078590836153,0.00469199756496914,"IDO2","protein_coding"
"ENSG00000188883",10.7611220138218,1.55698282102932,26.766110633379,2.29629264095899e-07,8.97304797807011e-06,"KLRG2","protein_coding"
"ENSG00000188910",5.03897333672958,5.01184026140177,17.0095150098254,3.71929661343654e-05,0.000768163389879207,"GJB3","protein_coding"
"ENSG00000189057",6.70129106790846,8.20004802988066,43.0335487348218,5.38091882539414e-11,4.88139813089516e-09,"FAM111B","protein_coding"
"ENSG00000189127",10.4065446013765,1.20614004106194,12.0580550934501,0.000515690654963749,0.00713727934837992,"ANKRD34B","protein_coding"
"ENSG00000189280",7.12524196547487,4.25039139761611,23.5575735170319,1.21231305021e-06,3.93456935030503e-05,"GJB5","protein_coding"
"ENSG00000189334",5.05378420545759,7.74614218723509,14.2892478731724,0.000156757732862033,0.00261146834166094,"S100A14","protein_coding"
"ENSG00000189433",6.15074954603849,1.24910016770986,16.0545358615654,6.15440236974309e-05,0.00119035431494786,"GJB4","protein_coding"
"ENSG00000196074",6.09132281109291,5.86384775293747,20.4630590033892,6.07933331219325e-06,0.000162476961106374,"SYCP2","protein_coding"
"ENSG00000196218",5.19129422917256,4.67308229376426,11.369264271255,0.000746694491794375,0.00962152435995659,"RYR1","protein_coding"
"ENSG00000196747",7.45165469157228,-1.63754527729157,21.4012963695197,3.72519226012147e-06,0.000105488800714103,"H2AC13","protein_coding"
"ENSG00000197153",6.45455629082318,-2.51717813869702,13.0153674617761,0.000308945138318761,0.00468029056094427,"H3C12","protein_coding"
"ENSG00000197299",5.17752760513557,3.65511012456308,43.2247657614406,4.87990815577611e-11,4.47975568700247e-09,"BLM","protein_coding"
"ENSG00000198729",7.29530562813039,5.67167407424245,22.0130862968931,2.7079782302697e-06,8.00754370341192e-05,"PPP1R14C","protein_coding"
"ENSG00000198826",5.26606930675205,4.86342617702872,56.8508176461454,4.70158465558724e-14,1.07901367845727e-11,"ARHGAP11A","protein_coding"
"ENSG00000203499",5.99496374860066,4.22699480605321,28.0672265322881,1.1717343796727e-07,4.96340872976233e-06,"IQANK1","protein_coding"
"ENSG00000203995",7.5319204114623,3.36316797069218,27.5896656196404,1.49977936717539e-07,6.1579058583104e-06,"ZYG11A","protein_coding"
"ENSG00000204175",5.74631447665865,0.643721455870221,15.1251425669249,0.000100614323886152,0.00179790372020386,"GPRIN2","protein_coding"
"ENSG00000204380",5.63436365364872,-0.359642893411122,11.534541933734,0.000683149078139574,0.00897432020505182,"PKP4-AS1","lncRNA"
"ENSG00000204949",9.52692405426066,2.19256438953178,18.2765823859291,1.91041255263206e-05,0.000438767118977549,"FAM83A-AS1","lncRNA"
"ENSG00000205358",6.34165244745522,-0.166749853212282,13.0119248243322,0.0003095136305906,0.00468047680988452,"MT1H","protein_coding"
"ENSG00000205420",7.47189250012165,11.7335158938184,11.7910021251921,0.000595176879362176,0.00802507708255801,"KRT6A","protein_coding"
"ENSG00000205488",6.11746985021645,3.54396701961706,12.7218153842244,0.000361414767389786,0.00532149760188117,"CALML3-AS1","lncRNA"
"ENSG00000205846",9.09353833394768,-0.0816759117076197,11.4123170696046,0.000729587809078402,0.00947509032626187,"CLEC6A","protein_coding"
"ENSG00000205890",6.49501490173187,-0.777830640148517,14.8204840947422,0.000118244149497538,0.00206259916590912,"AC108134.1","lncRNA"
"ENSG00000206075",7.33646846564851,7.84484006989924,19.36939891417,1.077193922459e-05,0.000265653125079243,"SERPINB5","protein_coding"
"ENSG00000214146",8.040414435472,-1.09055774393812,18.3979542907112,1.79250321763894e-05,0.000416665543855255,"LINC02026","lncRNA"
"ENSG00000215784",5.93315292598026,0.585202062032335,27.0974763997379,1.93450313676347e-07,7.69621927100737e-06,"FAM72D","protein_coding"
"ENSG00000216490",6.51035683862507,-2.4699807479154,20.0163582056169,7.6782500897355e-06,0.000197928939656023,"IFI30","protein_coding"
"ENSG00000218358",7.60051240517401,-1.50078415311995,18.0958513719861,2.10058609465327e-05,0.000475574375292002,"RAET1K","transcribed_unprocessed_pseudogene"
"ENSG00000221887",6.31084051808324,2.14799645040622,14.0864077630675,0.000174600960135906,0.00287446644917534,"HMSD","protein_coding"
"ENSG00000222017",9.04120976300202,-0.132461611119594,13.2626239150732,0.0002707504133791,0.00419676787431827,"AC011997.1","lncRNA"
"ENSG00000222022",8.13443348542963,-1.00185451685285,14.8747527856333,0.000114890428483112,0.00201553071713699,"AC112721.1","lncRNA"
"ENSG00000224614",5.44607850719465,-3.31333365383004,14.3693315397333,0.000150229292443523,0.00252459094563698,"TNK2-AS1","lncRNA"
"ENSG00000224652",5.69347384333724,1.64723167318594,12.2759187057833,0.000458840722174556,0.00648173115711259,"LINC00885","lncRNA"
"ENSG00000224984",11.5519490741471,2.342134911765,17.496063064653,2.87903243031879e-05,0.000622636317367044,"AL512363.1","lncRNA"
"ENSG00000225077",5.5525506700258,-0.438384324429278,16.4014956153081,5.12447794085277e-05,0.00101476542250512,"LINC00337","lncRNA"
"ENSG00000225345",8.86844371832873,-0.299730959970821,23.0555215630383,1.5738985366382e-06,4.95415575201992e-05,"SNX18P3","transcribed_unprocessed_pseudogene"
"ENSG00000225431",8.4949909826086,-0.658892550321327,13.2689088566907,0.000269844220218681,0.00418483071325522,"LINC01671","lncRNA"
"ENSG00000225506",6.98191058927848,-2.06075823687696,16.9234514956327,3.89177949721976e-05,0.000798424915797193,"CYP4A22-AS1","lncRNA"
"ENSG00000226562",6.68588931914025,0.664352636185245,12.6349873186559,0.000378593779766435,0.00554159662501531,"CYP4F26P","lncRNA"
"ENSG00000226659",6.24843938966603,-2.68898568063062,14.5677930276657,0.000135205810901886,0.00230843393885396,"AC021028.1","lncRNA"
"ENSG00000227640",7.42842151312022,2.8607759020095,12.8371958855965,0.000339796453120117,0.00506041662121208,"SOX21-AS1","lncRNA"
"ENSG00000228917",6.05556975653279,-2.84588145325142,16.8852310974781,3.97093525914089e-05,0.00081195593101303,"NECTIN4-AS1","lncRNA"
"ENSG00000229473",5.66475343140552,-3.15095747012074,12.1809523815032,0.000482799877079282,0.00676425722998594,"RGS17P1","processed_pseudogene"
"ENSG00000229618",10.6306716441987,1.42780203809082,15.3654941891999,8.85914300801028e-05,0.00162073304536193,"AC011287.1","lncRNA"
"ENSG00000229950",5.23463604234866,-0.383357218462171,20.1342046702642,7.21939729728336e-06,0.000188949280376677,"TFAP2A-AS1","lncRNA"
"ENSG00000230316",7.06331017310952,2.3355160823044,12.2036903725202,0.000476950726828086,0.0066884020529613,"FEZF1-AS1","lncRNA"
"ENSG00000230337",6.08344477306624,-2.8234493556054,17.3355978191481,3.13263312302333e-05,0.000667622081998174,"EXOSC10-AS1","lncRNA"
"ENSG00000230453",7.50189244186753,4.3672116904531,24.0083339586619,9.59196180298536e-07,3.20284040529e-05,"ANKRD18B","protein_coding"
"ENSG00000230638",6.68151791423304,1.02876073813744,20.5408775676967,5.83713008969378e-06,0.000157050972570737,"AL445933.1","processed_pseudogene"
"ENSG00000230650",8.43134907049508,-0.719725005371026,15.9923798386543,6.3597952396118e-05,0.00122468868505812,"AC140479.2","processed_pseudogene"
"ENSG00000230937",6.89076747567134,7.42647653372318,17.40172210535,3.02551731427751e-05,0.000649293328443658,"MIR205HG","lncRNA"
"ENSG00000230943",6.22616610598118,2.27877040231757,11.8753456606294,0.000568819119808428,0.00772654345912924,"LINC02541","lncRNA"
"ENSG00000231131",7.14286617788228,-1.91730194635166,13.0177225440795,0.000308556843596083,0.00467671198181879,"LNCAROD","lncRNA"
"ENSG00000231453",7.86466072841671,2.20045699419201,14.57113569538,0.000134966169114736,0.002307178765306,"LINC01305","lncRNA"
"ENSG00000231831",7.3328473162219,-1.745843911197,15.6054769361461,7.80282516193588e-05,0.00145518667195278,"MTHFD1P1","processed_pseudogene"
"ENSG00000233217",6.41751986341056,-0.851544734737381,11.3626901066542,0.000749342119374658,0.00964205782306646,"MROH3P","transcribed_unitary_pseudogene"
"ENSG00000233221",8.31570221958176,-0.829953954898016,17.3172621271317,3.16300475124106e-05,0.00067269630093303,"AC133785.1","lncRNA"
"ENSG00000233589",10.5415955752557,1.33966057704085,13.7825607863953,0.000205232489437649,0.00331313110114227,"AL138789.1","lncRNA"
"ENSG00000234602",9.48343564485928,0.298290189060961,19.3139767337398,1.10891645025066e-05,0.000272601979173131,"MCIDAS","protein_coding"
"ENSG00000234614",5.15030081307209,2.76197009704871,17.5411474058147,2.81156726748732e-05,0.000610191447967801,"C2CD4D-AS1","lncRNA"
"ENSG00000234997",7.69386363642865,-1.41445259624641,15.3253892713787,9.04920968581604e-05,0.00165059516884876,"AC016745.1","lncRNA"
"ENSG00000236212",6.92913411347234,-2.10740875978354,12.1255134523394,0.000497366352025084,0.00692417719503278,"AC009262.1","lncRNA"
"ENSG00000236345",8.90793940745348,-0.261548574549287,11.4993575172357,0.000696202504569515,0.00911077260554311,"SCAT8","lncRNA"
"ENSG00000236391",6.55085208776744,-2.43555408964618,13.4184067540355,0.000249167236533584,0.00390751658598537,"AC092573.1","transcribed_processed_pseudogene"
"ENSG00000237594",5.99455567188793,-0.501520085565987,20.1326009804537,7.22545292241319e-06,0.000188949280376677,"AP000251.1","lncRNA"
"ENSG00000240280",7.82205602702328,3.65249442297124,22.3017607956433,2.32992869173755e-06,7.06278053685211e-05,"TCAM1P","transcribed_unitary_pseudogene"
"ENSG00000242136",7.82894834766754,-1.28880803439563,11.4055747248859,0.000732240443380248,0.00949750753069285,"AC093904.2","lncRNA"
"ENSG00000243479",7.45699423133432,-1.63265972130823,17.3845048120989,3.05304826359103e-05,0.00065337782359231,"MNX1-AS1","lncRNA"
"ENSG00000246465",7.12185741830324,1.09355160548898,17.1394968474477,3.47324683340243e-05,0.000728599999097032,"AC138904.1","lncRNA"
"ENSG00000249082",8.13086044676882,1.58974944692717,15.8491219827256,6.85983576775614e-05,0.00130464149267659,"C5orf66-AS1","lncRNA"
"ENSG00000249641",6.22666506900741,-0.277966609951269,13.0628644279176,0.000301208438234683,0.00457854497829319,"HOXC13-AS","lncRNA"
"ENSG00000250295",5.25009595018255,1.81057517667784,16.0947121591376,6.02520382900935e-05,0.0011697796297571,"RDH10-AS1","lncRNA"
"ENSG00000250982",5.46107659604555,1.05523920011637,15.7164051143526,7.35832047972358e-05,0.00138234837943152,"GAPDHP35","processed_pseudogene"
"ENSG00000251191",8.65830939270978,-0.502263326712072,11.595031551828,0.000661282524120607,0.00874308747389554,"LINC00589","lncRNA"
"ENSG00000253395",5.9535629088651,-2.9272346559802,11.52099106063,0.000688146926362322,0.00902070862166261,"AP003469.2","lncRNA"
"ENSG00000253819",7.64639480443171,-1.45840443995765,16.7931647509949,4.16831756120766e-05,0.000847721250149283,"LINC01151","lncRNA"
"ENSG00000254560",9.2928260899262,1.96000930737227,14.8080130377774,0.00011902866426025,0.00207275680180944,"BBOX1-AS1","lncRNA"
"ENSG00000255050",6.76387726281601,-2.25215852458473,18.0843532121285,2.11330948247909e-05,0.000477872106725585,"AC067930.4","lncRNA"
"ENSG00000255120",6.66590316078853,-2.33697226504084,11.9173631638372,0.000556131436744701,0.00758435036550323,"OVOL1-AS1","lncRNA"
"ENSG00000255364",9.59088748188124,0.403435139727497,14.2581754846732,0.000159367033851581,0.00264776574394255,"SMILR","lncRNA"
"ENSG00000255571",6.45231631367882,4.24934534456712,18.3416452590068,1.84626833632533e-05,0.000426263439542138,"MIR9-3HG","lncRNA"
"ENSG00000255624",6.37574434004213,0.360413492184248,21.7112188958495,3.16932357952897e-06,9.18948948675331e-05,"C10orf88B","transcribed_processed_pseudogene"
"ENSG00000256417",8.45554154429095,-0.696614455485478,15.02787909524,0.000105934618947274,0.00187878162427077,"AC006206.2","lncRNA"
"ENSG00000256663",8.82232776359246,-0.34426883348975,27.8984078769773,1.27854928622706e-07,5.3861953697727e-06,"AC112777.1","processed_pseudogene"
"ENSG00000257924",5.92817768845877,-2.94729720313267,11.5752757029886,0.000668345257722403,0.00882129687156097,"LINC02416","lncRNA"
"ENSG00000258279",5.72153261563813,-0.762631758893913,13.7629289085863,0.0002073884962936,0.00333393540330219,"LINC00592","lncRNA"
"ENSG00000258593",6.60312489702434,-2.39090352920347,20.8820120508798,4.88460105942212e-06,0.000133406870675318,"AL583810.1","lncRNA"
"ENSG00000258661",7.68036563292959,0.368557537404762,11.9982021579354,0.000532518975726888,0.00732723145023822,"AL079303.1","lncRNA"
"ENSG00000258884",7.52599909024732,0.217687858336311,23.2333335175141,1.43488554210648e-06,4.56329214854194e-05,"LINC02321","lncRNA"
"ENSG00000259345",5.70902340868737,0.0757506394152834,13.9880011709557,0.00018398099474624,0.00300955719756974,"AC013652.1","lncRNA"
"ENSG00000260976",9.49255458468678,0.307206767817192,23.2486984026037,1.42346752994681e-06,4.53166635077166e-05,"LINC01633","lncRNA"
"ENSG00000261000",6.54418234163429,-2.44123419792404,13.7234981511096,0.000211788046802215,0.00339224885588985,"AC244034.2","lncRNA"
"ENSG00000261104",7.76883080046903,0.455179808882113,16.1814196371774,5.75558947382616e-05,0.00112390759312555,"AC093904.4","lncRNA"
"ENSG00000261478",9.45659218101122,0.272049812701952,12.5247922264811,0.00040158755340036,0.00581725013175755,"AC013391.3","lncRNA"
"ENSG00000261740",6.45098656445132,-2.52018793189821,11.9732792358192,0.000539688814696099,0.007409397374263,"BOLA2-SMG1P6","protein_coding"
"ENSG00000262152",7.87352589052591,-1.24716930783553,18.3430993044455,1.84485981064486e-05,0.000426258255122173,"LINC00514","protein_coding"
"ENSG00000262406",6.72767393079574,8.35756670379305,11.3860425394424,0.000739980105411951,0.00957366772475125,"MMP12","protein_coding"
"ENSG00000262979",7.64013745215762,-1.46419013611027,17.0156104217164,3.70737603338661e-05,0.000766215962061415,"AC124319.1","lncRNA"
"ENSG00000263513",5.14683027788039,-0.180926887090651,26.7551849430301,2.30931262320139e-07,9.01247349001425e-06,"FAM72C","protein_coding"
"ENSG00000263745",9.38141818051433,0.198624054850791,13.7256956592392,0.000211540400167056,0.00339004790325038,"AP005230.1","lncRNA"
"ENSG00000264230",7.76600603978483,4.16583821331074,13.6252982665954,0.000223158029219004,0.00355584397542592,"ANXA8L1","protein_coding"
"ENSG00000264269",5.94346033926748,-1.29778194903785,15.8469720847068,6.86763371666714e-05,0.00130499448763,"AC016866.1","lncRNA"
"ENSG00000264859",7.68024525900557,-1.42707277430938,25.2679792922041,4.98923123458755e-07,1.78960637670537e-05,"DSG2-AS1","lncRNA"
"ENSG00000265190",7.64327517751878,5.14161479870736,15.762426479216,7.18146624777103e-05,0.0013574162969742,"ANXA8","protein_coding"
"ENSG00000267056",7.39160205215391,0.0866475382109326,11.4369530260196,0.000719977582324632,0.00935818706222714,"AC005336.1","processed_pseudogene"
"ENSG00000267123",9.41928324733406,0.235597353283998,20.3076570961742,6.59361816580914e-06,0.000175088394316778,"SCAT1","lncRNA"
"ENSG00000267733",8.39474939164123,-0.754654620450167,18.4348298605866,1.75814863499577e-05,0.000410541723401859,"AP005264.4","transcribed_processed_pseudogene"
"ENSG00000268204",7.50414272786975,-1.58945404415938,23.0613124392559,1.5691651918969e-06,4.94431733057431e-05,"AC008763.1","lncRNA"
"ENSG00000268307",6.52396720090534,0.0101562313826533,16.3585137498175,5.24201503883658e-05,0.00103470916873775,"LINC02560","lncRNA"
"ENSG00000269570",7.74128350625095,-1.37044058978562,12.8561112163488,0.000336378898018953,0.00501680904499362,"AP001350.1","lncRNA"
"ENSG00000269846",5.3268008465527,-3.39916535874822,11.8600549775672,0.000573508511877559,0.00777650232176833,"AL136172.1","lncRNA"
"ENSG00000271969",5.24690597779446,-3.45552947102629,11.4850095423279,0.000701597667521142,0.0091618824073366,"U47924.1","lncRNA"
"ENSG00000272183",5.66530497642315,-1.5551680606157,19.374705015014,1.07420503021128e-05,0.0002651286299686,"AC005041.3","lncRNA"
"ENSG00000272666",6.01981718060939,0.91250431574425,15.8462709452977,6.87017876458548e-05,0.00130499448763,"KLHDC7B-DT","lncRNA"
"ENSG00000273272",6.42942836648827,-2.53833952017255,14.9359341951609,0.000111224164184886,0.00196128252361113,"U62317.3","lncRNA"
"ENSG00000273760",8.13784796172479,1.59667156628926,11.9111253575687,0.000557996800949095,0.00760553903296029,"AC245041.1","lncRNA"
"ENSG00000273786",5.57476776982215,0.234706748313838,12.2454053032629,0.000466405214742068,0.00657048079201229,"AC020658.4","lncRNA"
"ENSG00000273983",7.02565197246307,0.499966992509638,21.2649124381859,3.99986405542114e-06,0.00011254146321717,"H3C8","protein_coding"
"ENSG00000274641",7.75000250962589,-1.36233693456868,16.5487749941223,4.7414605801619e-05,0.000948693150434085,"H2BC17","protein_coding"
"ENSG00000274825",5.5969479576039,-0.0331411754009158,18.3823495323056,1.80724347070236e-05,0.000419774610683608,"AL023803.2","lncRNA"
"ENSG00000275029",5.41716910750722,-3.33431913779138,11.7322514895258,0.000614262343956043,0.00822036982753707,"HMGB1P24","transcribed_processed_pseudogene"
"ENSG00000275385",7.72429308146928,4.53131037283813,13.4984372843124,0.000238762208840546,0.00377320360147653,"CCL18","protein_coding"
"ENSG00000275393",6.61471371403778,0.0984450344995928,18.7742372728525,1.47141384241255e-05,0.000349964345674502,"AC018695.6","lncRNA"
"ENSG00000275713",7.73804127445332,1.20114168982489,28.979279853434,7.31566277585957e-08,3.26055909197115e-06,"H2BC9","protein_coding"
"ENSG00000276043",6.63446760422832,4.59957247980416,60.2543179971325,8.33597633005851e-15,2.37366925998416e-12,"UHRF1","protein_coding"
"ENSG00000276272",6.22777967652895,-2.70597675741804,17.5528529763952,2.79431209792124e-05,0.000608163340038018,"AC024884.2","lncRNA"
"ENSG00000276368",6.77247588166761,-2.2446781179716,14.6734434435752,0.000127834756645887,0.00220488069048288,"H2AC14","protein_coding"
"ENSG00000276850",6.59022037879333,3.93609274892277,14.7023648914185,0.000125888425790037,0.00217864195741194,"AC245041.2","lncRNA"
"ENSG00000276903",5.45321276641718,-3.30813763730676,12.6844341038786,0.000368712163172504,0.00542017454782219,"H2AC16","protein_coding"
"ENSG00000277157",5.97851698893597,-2.90744090704683,15.0294652523363,0.000105845624835233,0.00187828649772529,"H4C4","protein_coding"
"ENSG00000277224",7.99710262500695,-1.13130870801854,20.9397968759238,4.73945377882371e-06,0.000129904119483213,"H2BC7","protein_coding"
"ENSG00000277619",6.98929037896597,-2.05421927710139,12.6400748003197,0.000377564870826746,0.00552916784406425,"AC008406.3","lncRNA"
"ENSG00000277775",5.72498299853952,-3.10514235591296,11.2915859181311,0.000778591443274687,0.00993527910996948,"H3C7","protein_coding"
"ENSG00000277883",7.36726189788065,-1.71455485738278,11.5316335501389,0.000684218652089839,0.00898453296657508,"NLRP3P1","unprocessed_pseudogene"
"ENSG00000278023",6.47882422006371,1.36532781621637,20.4225967911145,6.20922869461716e-06,0.000165613538634485,"RDM1","protein_coding"
"ENSG00000278954",5.0850408347598,-2.0783543138934,11.3585967643942,0.000750995429683891,0.00965121707023347,"AC130686.1","TEC"
"ENSG00000279141",7.05252167582722,1.0251611917905,14.1524818597934,0.000168574575448859,0.00278569259472261,"LINC01451","lncRNA"
"ENSG00000282221",5.38921837266549,-1.07724346410978,17.8515559315487,2.38823914114862e-05,0.000530584710467458,"AC119427.1","lncRNA"
"ENSG00000283098",7.72644652905642,2.06314889198314,15.1745537686324,9.80153838534051e-05,0.00176376073706481,"AL132857.1","lncRNA"
"ENSG00000283486",5.81019185792098,-0.189872010336262,13.7920388510437,0.000204199688844984,0.00329958666181679,"FAM95C","protein_coding"
"ENSG00000284719",5.53761772760542,-0.937229918021627,17.2442195417334,3.28696059390366e-05,0.000694734702022813,"AL033527.3","lncRNA"
"ENSG00000284946",5.11386579106734,1.44808991693468,19.7402164825101,8.87146752647753e-06,0.000224883096435341,"AC068831.6","protein_coding"
"ENSG00000285108",7.98924373237064,5.69172288880565,16.7767862121171,4.20445148480904e-05,0.000853462023183712,"AC103718.1","lncRNA"
"ENSG00000285649",5.70118788542243,-3.1232973867036,16.3503176930524,5.264733640665e-05,0.00103852696376761,"AL357079.2","lncRNA"
"ENSG00000286273",6.67813874614967,-2.32642271612238,11.5891257048254,0.000663385933935547,0.00876712833103562,"AC078816.1","lncRNA"
"ENSG00000286324",9.34782557439004,0.165841892686481,14.1936529998053,0.0001649258817352,0.00273274010829881,"AL033381.3","lncRNA"
"ENSG00000286429",6.92143818936409,-2.11419478482236,11.3049862072439,0.000772992226517703,0.00987612378151181,"BX004807.1","lncRNA"
"ENSG00000286480",8.08587923602463,-1.04770434391037,24.1348468653551,8.98201514030668e-07,3.02214345306183e-05,"AC009501.2","lncRNA"
"ENSG00000286522",7.15605378569699,-1.90547222668742,17.2596658018064,3.26034697898193e-05,0.000689583567019472,"H3C2","protein_coding"
"ENSG00000287051",6.04492993190731,0.40343446450258,19.729199129807,8.92275782494923e-06,0.000225622362136823,"AC121757.2","lncRNA"
"ENSG00000287061",6.06492195429338,-2.83836477391861,16.4697480190744,4.94325678806328e-05,0.000985223434888595,"AC124248.2","lncRNA"
"ENSG00000287860",5.0665857317885,-1.37859713030372,12.9486801954643,0.000320147115905899,0.00480971385220035,"AC079804.3","lncRNA"
"ENSG00000288031",6.26437077862104,-0.996629495903316,14.1373545818043,0.000169935524493954,0.0028066741056727,"AC093838.2","transcribed_unprocessed_pseudogene"
